ALA	H	-0.01	-0.05	0.07	-0.10
ALA	HA	-0.02	-0.03	-0.03	0.00
ALA	C	-0.11	-0.77	-0.07	-0.02
ALA	CA	-0.02	-0.17	0.06	0.01
ALA	N	-0.12	-0.33	-0.57	-0.15
ASN	H	-0.01	-0.03	0.13	-0.07
ASN	HA	-0.01	-0.01	-0.02	-0.01
ASN	C	-0.09	-0.66	-0.10	-0.03
ASN	CA	-0.06	-0.03	0.23	0.01
ASN	N	-0.18	-0.26	0.87	-0.17
ASP	H	-0.02	-0.03	0.14	-0.11
ASP	HA	-0.02	-0.01	-0.02	-0.01
ASP	C	-0.08	-0.58	-0.13	-0.04
ASP	CA	-0.03	0.00	0.25	-0.01
ASP	N	-0.12	-0.20	0.86	-0.29
ARG	H	0.00	-0.02	0.15	-0.06
ARG	HA	-0.02	-0.02	-0.02	0.00
ARG	C	-0.06	-0.49	-0.19	-0.03
ARG	CA	0.00	-0.07	-0.01	0.02
ARG	N	-0.06	-0.14	1.62	-0.06
CYS	H	0.00	-0.02	0.20	-0.07
CYS	HA	-0.01	0.02	0.00	0.00
CYS	C	-0.08	-0.51	-0.28	-0.07
CYS	CA	-0.03	-0.07	0.10	-0.01
CYS	N	-0.06	-0.26	3.07	0.00
GLN	H	-0.01	-0.02	0.15	-0.06
GLN	HA	-0.01	-0.02	-0.01	0.00
GLN	C	-0.05	-0.48	-0.18	-0.03
GLN	CA	-0.02	-0.06	0.04	0.01
GLN	N	-0.06	-0.14	1.62	-0.06
GLU	H	-0.01	-0.03	0.15	-0.07
GLU	HA	-0.02	-0.02	-0.02	0.00
GLU	C	-0.09	-0.48	-0.20	-0.03
GLU	CA	-0.01	-0.08	0.05	0.01
GLU	N	-0.06	-0.20	1.51	-0.12
GLY	H	0.00	0.00	0.00	0.00
GLY	HA2	0.00	0.00	0.00	0.00
GLY	C	0.00	0.00	0.00	0.00
GLY	CA	0.00	0.00	0.00	0.00
GLY	N	0.00	0.00	0.00	0.00
HIS	H	-0.01	-0.04	0.20	0.00
HIS	HA	-0.03	-0.06	0.01	0.01
HIS	C	-0.10	-0.65	-0.22	-0.07
HIS	CA	-0.05	-0.09	0.02	0.01
HIS	N	-0.12	-0.55	1.68	0.17
ILE	H	-0.01	-0.06	0.17	-0.09
ILE	HA	-0.03	-0.02	-0.02	-0.01
ILE	C	-0.20	-0.58	-0.18	-0.02
ILE	CA	-0.07	-0.20	-0.01	0.02
ILE	N	-0.18	-0.14	4.87	0.00
LEU	H	0.00	-0.03	0.14	-0.08
LEU	HA	-0.04	-0.03	-0.05	-0.01
LEU	C	-0.13	-0.50	-0.13	-0.01
LEU	CA	-0.01	-0.10	0.03	0.02
LEU	N	-0.06	-0.14	1.05	-0.06
LYS	H	0.00	-0.03	0.14	-0.06
LYS	HA	-0.02	-0.02	-0.01	0.00
LYS	C	-0.08	-0.50	-0.18	-0.03
LYS	CA	-0.01	-0.11	-0.02	0.02
LYS	N	-0.06	-0.20	1.57	-0.06
MET	H	0.00	-0.02	0.15	-0.06
MET	HA	-0.02	-0.01	-0.01	0.00
MET	C	-0.08	-0.41	-0.18	-0.02
MET	CA	0.00	0.10	-0.06	0.01
MET	N	-0.06	-0.20	1.57	-0.06
PHE	H	-0.03	-0.12	0.10	-0.37
PHE	HA	-0.06	-0.09	-0.08	-0.04
PHE	C	-0.27	-0.83	-0.25	-0.10
PHE	CA	-0.07	-0.23	0.06	0.01
PHE	N	-0.18	-0.49	2.78	-0.46
PRO	H	-0.04	-0.18	0.19	-0.12
PRO	HA	-0.01	0.11	-0.03	-0.01
PRO	C	-0.47	-2.84	-0.09	-0.02
PRO	CA	-0.22	-2.00	0.02	0.04
PRO	N	-0.18	-0.32	0.87	-0.17
SER	H	0.00	-0.03	0.16	-0.08
SER	HA	-0.01	0.02	0.00	-0.01
SER	C	-0.08	-0.40	-0.15	-0.06
SER	CA	0.00	-0.08	0.13	0.00
SER	N	-0.06	-0.03	2.55	-0.17
THR	H	0.01	0.00	0.14	-0.06
THR	HA	-0.01	0.05	0.00	-0.01
THR	C	-0.08	-0.19	-0.13	-0.05
THR	CA	-0.01	-0.04	0.12	0.00
THR	N	-0.06	-0.03	2.78	-0.12
TRP	H	-0.08	-0.13	0.04	-0.62
TRP	HA	-0.08	-0.10	-0.15	-0.16
TRP	C	-0.26	-0.85	-0.30	-0.17
TRP	CA	-0.02	-0.17	0.03	-0.08
TRP	N	0.00	-0.26	3.19	-0.64
TYR	H	-0.04	-0.11	0.09	-0.42
TYR	HA	-0.05	-0.10	-0.08	-0.04
TYR	C	-0.28	-0.85	-0.24	-0.13
TYR	CA	-0.07	-0.22	0.06	-0.01
TYR	N	-0.24	-0.43	3.01	-0.52
VAL	H	-0.01	-0.05	0.17	-0.08
VAL	HA	-0.02	-0.01	-0.02	-0.01
VAL	C	-0.20	-0.57	-0.18	-0.03
VAL	CA	-0.07	-0.21	-0.02	0.01
VAL	N	-0.24	-0.14	4.34	-0.06
